<?xml version="1.0" encoding="UTF-8"?>
<root>
  <item name="com.getbase.floatingactionbutton.FloatingActionButton float getDimension(int) 0">
    <annotation name="android.support.annotation.DimenRes" />
  </item>
  <item name="com.getbase.floatingactionbutton.FloatingActionButton int getColor(int) 0">
    <annotation name="android.support.annotation.ColorRes" />
  </item>
  <item name="com.getbase.floatingactionbutton.FloatingActionButton mIcon">
    <annotation name="android.support.annotation.DrawableRes" />
  </item>
  <item name="com.getbase.floatingactionbutton.FloatingActionsMenu int getColor(int) 0">
    <annotation name="android.support.annotation.ColorRes" />
  </item>
</root>

